review,sentiment
"Otelin konumu harikaydı, oda temizdi ve personel ilgiliydi. Genel olarak memnun kaldım ve tavsiye ederim.",positive
"Kahvaltı lezzetliydi, yatak rahattı, tekrar gelmek isterim. Genel olarak memnun kaldım ve tavsiye ederim.",positive
"Resepsiyon hızlı yardımcı oldu, oda manzarası güzeldi. Genel olarak memnun kaldım ve tavsiye ederim.",positive
"Temizlik başarılıydı, banyo düzenliydi, otelden memnun kaldık. Genel olarak memnun kaldım ve tavsiye ederim.",positive
"Personel güler yüzlüydü, hizmet kalitesi beklentimin üzerindeydi. Genel olarak memnun kaldım ve tavsiye ederim.",positive
"Oda sessizdi, klima iyi çalışıyordu, rahat bir gece geçirdik. Genel olarak memnun kaldım ve tavsiye ederim.",positive
"Denize yakın olması büyük avantajdı, konaklama keyifliydi. Genel olarak memnun kaldım ve tavsiye ederim.",positive
Fiyat performans olarak iyi bir oteldi. Genel olarak memnun kaldım ve tavsiye ederim.,positive
"Otel merkezi yerdeydi, ulaşım kolaydı, tavsiye ederim. Genel olarak memnun kaldım ve tavsiye ederim.",positive
"Yemekler tazeydi, çalışanlar yardımseverdi, genel deneyim olumluydu. Genel olarak memnun kaldım ve tavsiye ederim.",positive
"Check-in hızlıydı, odamız erken hazırlandı, memnun kaldık. Genel olarak memnun kaldım ve tavsiye ederim.",positive
"Havuz temizdi, ortak alanlar düzenliydi, aile için uygundu. Genel olarak memnun kaldım ve tavsiye ederim.",positive
"Oda genişti, yatak konforluydu, dinlenmek için idealdi. Genel olarak memnun kaldım ve tavsiye ederim.",positive
"Manzara mükemmeldi, balkon keyifliydi, tatilimiz güzel geçti. Genel olarak memnun kaldım ve tavsiye ederim.",positive
"Personel sorunlarımızı hemen çözdü, hizmetten memnun kaldık. Genel olarak memnun kaldım ve tavsiye ederim.",positive
"Otel sessiz ve huzurluydu, gece rahat uyuduk. Genel olarak memnun kaldım ve tavsiye ederim.",positive
"Kahvaltı çeşitleri yeterliydi, ürünler taze görünüyordu. Genel olarak memnun kaldım ve tavsiye ederim.",positive
"Oda dekorasyonu şıktı, temizlik kokusu güzeldi. Genel olarak memnun kaldım ve tavsiye ederim.",positive
Konum sayesinde her yere yürüyerek ulaşabildik. Genel olarak memnun kaldım ve tavsiye ederim.,positive
"Çalışanlar nazikti, girişten çıkışa kadar iyi ilgilendiler. Genel olarak memnun kaldım ve tavsiye ederim.",positive
"Otopark kolaylığı vardı, araçla gelenler için rahattı. Genel olarak memnun kaldım ve tavsiye ederim.",positive
"İnternet hızlıydı, iş seyahati için uygundu. Genel olarak memnun kaldım ve tavsiye ederim.",positive
Çocuklu aileler için güvenli ve rahat bir ortam vardı. Genel olarak memnun kaldım ve tavsiye ederim.,positive
"Spa alanı temizdi, masaj hizmeti başarılıydı. Genel olarak memnun kaldım ve tavsiye ederim.",positive
"Oda servisi hızlı geldi, siparişler sıcak ve lezzetliydi. Genel olarak memnun kaldım ve tavsiye ederim.",positive
Fiyatına göre odalar kaliteli ve bakımlıydı. Genel olarak memnun kaldım ve tavsiye ederim.,positive
Resepsiyondaki ekip profesyoneldi ve çözüm odaklıydı. Genel olarak memnun kaldım ve tavsiye ederim.,positive
"Otel genel olarak temiz, düzenli ve konforluydu. Genel olarak memnun kaldım ve tavsiye ederim.",positive
"Tatilimiz beklentimizin üzerinde geçti, kesinlikle öneririm. Genel olarak memnun kaldım ve tavsiye ederim.",positive
"Her şey planlıydı, çıkış işlemleri bile hızlıydı. Genel olarak memnun kaldım ve tavsiye ederim.",positive
"Mini bar düzenliydi, havlular temizdi, oda ferah görünüyordu. Genel olarak memnun kaldım ve tavsiye ederim.",positive
"Gece sessizliği iyiydi, koridorlarda gürültü yoktu. Genel olarak memnun kaldım ve tavsiye ederim.",positive
"Plaja yürüyerek birkaç dakikada ulaştık, konum şahane. Genel olarak memnun kaldım ve tavsiye ederim.",positive
Personel kibar davrandı ve valizlerimize yardımcı oldu. Genel olarak memnun kaldım ve tavsiye ederim.,positive
Kahve ve tatlı servisi beklediğimden iyiydi. Genel olarak memnun kaldım ve tavsiye ederim.,positive
Otel fotoğraflardaki gibi temiz ve moderndi. Genel olarak memnun kaldım ve tavsiye ederim.,positive
"Duş sıcak suyu sorunsuzdu, banyo hijyenikti. Genel olarak memnun kaldım ve tavsiye ederim.",positive
Kısa konaklama için pratik ve rahat bir seçim oldu. Genel olarak memnun kaldım ve tavsiye ederim.,positive
"Yatak çarşafları tertemizdi, uyku kalitesi iyiydi. Genel olarak memnun kaldım ve tavsiye ederim.",positive
"Genel atmosfer sakin, güvenli ve misafirperverdi. Genel olarak memnun kaldım ve tavsiye ederim.",positive
"Oda kirliydi, banyo kötü kokuyordu ve personel ilgisizdi. Genel olarak memnun kalmadım ve tavsiye etmem.",negative
"Kahvaltı zayıftı, ürünler bayattı, memnun kalmadık. Genel olarak memnun kalmadım ve tavsiye etmem.",negative
"Resepsiyon yavaştı, check-in sırasında uzun süre bekledik. Genel olarak memnun kalmadım ve tavsiye etmem.",negative
"Klima çalışmıyordu, oda sıcaktı ve rahatsız uyuduk. Genel olarak memnun kalmadım ve tavsiye etmem.",negative
"Yatak sertti, çarşaflar temiz görünmüyordu. Genel olarak memnun kalmadım ve tavsiye etmem.",negative
"Otel gürültülüydü, gece boyunca uyuyamadık. Genel olarak memnun kalmadım ve tavsiye etmem.",negative
Fiyatına göre hizmet kalitesi düşüktü. Genel olarak memnun kalmadım ve tavsiye etmem.,negative
Denize yakın denmişti ama konum beklentiyi karşılamadı. Genel olarak memnun kalmadım ve tavsiye etmem.,negative
"Personel kaba davrandı, sorunlarımızla ilgilenmedi. Genel olarak memnun kalmadım ve tavsiye etmem.",negative
"Banyo eskiydi, duş başlığı bozuktu, temizlik yetersizdi. Genel olarak memnun kalmadım ve tavsiye etmem.",negative
"Oda küçüktü, valiz koyacak alan bile yoktu. Genel olarak memnun kalmadım ve tavsiye etmem.",negative
"İnternet sürekli koptu, iş toplantıma giremedim. Genel olarak memnun kalmadım ve tavsiye etmem.",negative
"Yemekler soğuktu, servis geç geldi. Genel olarak memnun kalmadım ve tavsiye etmem.",negative
Havuz kalabalık ve kirli görünüyordu. Genel olarak memnun kalmadım ve tavsiye etmem.,negative
"Otopark doluydu, araç için yer bulamadık. Genel olarak memnun kalmadım ve tavsiye etmem.",negative
Oda servisi geç geldi ve sipariş eksikti. Genel olarak memnun kalmadım ve tavsiye etmem.,negative
Fotoğraflardaki otelle gerçek otel arasında büyük fark vardı. Genel olarak memnun kalmadım ve tavsiye etmem.,negative
"Koridorlar gürültülüydü, odanın ses yalıtımı kötüydü. Genel olarak memnun kalmadım ve tavsiye etmem.",negative
"Havlular eskiydi, temizlik konusunda güven vermedi. Genel olarak memnun kalmadım ve tavsiye etmem.",negative
"Çıkış işlemleri yavaştı, gereksiz bekletildik. Genel olarak memnun kalmadım ve tavsiye etmem.",negative
"Mini bar boştu, oda bakımsız görünüyordu. Genel olarak memnun kalmadım ve tavsiye etmem.",negative
"Pencere kapanmıyordu, gece soğuk içeri girdi. Genel olarak memnun kalmadım ve tavsiye etmem.",negative
"Asansör sürekli arızalıydı, katlara çıkmak zor oldu. Genel olarak memnun kalmadım ve tavsiye etmem.",negative
"Personel sorulara net cevap vermedi, iletişim zayıftı. Genel olarak memnun kalmadım ve tavsiye etmem.",negative
Kahvaltı alanı kalabalıktı ve masalar temizlenmemişti. Genel olarak memnun kalmadım ve tavsiye etmem.,negative
"Duşta sıcak su yoktu, banyo deneyimi kötüydü. Genel olarak memnun kalmadım ve tavsiye etmem.",negative
"Oda rutubet kokuyordu, duvarlarda lekeler vardı. Genel olarak memnun kalmadım ve tavsiye etmem.",negative
"Konum merkezi değildi, ulaşım beklediğimizden zordu. Genel olarak memnun kalmadım ve tavsiye etmem.",negative
"Genel deneyim olumsuzdu, tekrar tercih etmem. Genel olarak memnun kalmadım ve tavsiye etmem.",negative
"Rezervasyon bilgileri karıştırıldı, odamız geç verildi. Genel olarak memnun kalmadım ve tavsiye etmem.",negative
"Yatak rahatsızdı, sabah bel ağrısıyla uyandım. Genel olarak memnun kalmadım ve tavsiye etmem.",negative
"Odada böcek gördük, hijyen ciddi şekilde kötüydü. Genel olarak memnun kalmadım ve tavsiye etmem.",negative
Fiyat yüksek ama hizmet vasattı. Genel olarak memnun kalmadım ve tavsiye etmem.,negative
"Çalışanlar ilgisizdi, şikayetimize dönüş yapılmadı. Genel olarak memnun kalmadım ve tavsiye etmem.",negative
"Oda havasızdı, pencere küçük ve manzara kötüydü. Genel olarak memnun kalmadım ve tavsiye etmem.",negative
"Restoran servisi düzensizdi, siparişler karıştı. Genel olarak memnun kalmadım ve tavsiye etmem.",negative
"Ses yalıtımı zayıftı, yan odadaki konuşmalar duyuluyordu. Genel olarak memnun kalmadım ve tavsiye etmem.",negative
"Otel eski ve bakımsızdı, yenilenmeye ihtiyacı var. Genel olarak memnun kalmadım ve tavsiye etmem.",negative
"Temizlik yapılmamıştı, çöp kutusu doluydu. Genel olarak memnun kalmadım ve tavsiye etmem.",negative
"Konaklama beklentimizin altında kaldı, tavsiye etmem. Genel olarak memnun kalmadım ve tavsiye etmem.",negative
